,features_importance
volume,0.0011171688
turn,0.00063718786
pre_close,0.0
open,0.0
low,0.0017526039
high,0.0
avg_price,0.001902875
amount,0.0
alpha9t-9,0.0
alpha9t-8,0.0
alpha9t-7,0.0
alpha9t-6,0.0
alpha9t-5,0.0
alpha9t-4,0.0
alpha9t-3,0.0
alpha9t-20,0.0
alpha9t-2,0.0
alpha9t-19,0.0
alpha9t-18,0.0
alpha9t-17,0.0
alpha9t-16,0.0
alpha9t-15,0.0
alpha9t-14,0.0
alpha9t-13,0.0
alpha9t-12,0.0
alpha9t-11,0.0
alpha9t-10,0.0
alpha9t-1,0.0
alpha9t,0.0
alpha98t-9,0.0
alpha98t-8,0.0
alpha98t-7,0.0
alpha98t-6,0.0
alpha98t-5,0.0
alpha98t-4,0.0018820288
alpha98t-3,8.393179e-05
alpha98t-20,0.0
alpha98t-2,0.0012625011
alpha98t-19,0.0
alpha98t-18,0.0
alpha98t-17,0.0
alpha98t-16,0.0
alpha98t-15,0.0
alpha98t-14,0.0
alpha98t-13,0.0
alpha98t-12,0.0
alpha98t-11,0.0
alpha98t-10,0.0038726667
alpha98t-1,0.0
alpha98t,0.007833291
alpha97t-9,0.0
alpha97t-8,0.0
alpha97t-7,0.0
alpha97t-6,0.0
alpha97t-5,0.0
alpha97t-4,0.0
alpha97t-3,0.0019340984
alpha97t-20,0.0
alpha97t-2,0.0
alpha97t-19,0.0
alpha97t-18,0.0
alpha97t-17,0.0
alpha97t-16,0.0
alpha97t-15,0.0
alpha97t-14,0.0
alpha97t-13,0.0
alpha97t-12,0.0
alpha97t-11,0.0
alpha97t-10,0.0
alpha97t-1,0.0
alpha97t,0.0
alpha96t-9,0.0
alpha96t-8,0.0
alpha96t-7,0.0
alpha96t-6,0.0
alpha96t-5,0.0
alpha96t-4,0.0
alpha96t-3,0.0
alpha96t-20,0.0
alpha96t-2,0.0
alpha96t-19,0.0
alpha96t-18,0.0
alpha96t-17,0.0
alpha96t-16,0.00093322096
alpha96t-15,0.0
alpha96t-14,0.0
alpha96t-13,0.0
alpha96t-12,0.0
alpha96t-11,0.0
alpha96t-10,0.0
alpha96t-1,0.0
alpha96t,0.0
alpha95t-9,0.0
alpha95t-8,0.0
alpha95t-7,0.0015418081
alpha95t-6,0.0
alpha95t-5,0.0
alpha95t-4,0.0
alpha95t-3,0.0023785862
alpha95t-20,0.0
alpha95t-2,0.0
alpha95t-19,0.0
alpha95t-18,0.0
alpha95t-17,0.0
alpha95t-16,0.0
alpha95t-15,0.0
alpha95t-14,0.0
alpha95t-13,0.0
alpha95t-12,0.0
alpha95t-11,0.0
alpha95t-10,0.0
alpha95t-1,0.0
alpha95t,0.0
alpha94t-9,0.0
alpha94t-8,0.0
alpha94t-7,0.0
alpha94t-6,0.0
alpha94t-5,0.0
alpha94t-4,0.0
alpha94t-3,0.0
alpha94t-20,0.0
alpha94t-2,0.0
alpha94t-19,0.0
alpha94t-18,0.0
alpha94t-17,0.0
alpha94t-16,0.0
alpha94t-15,0.0
alpha94t-14,0.016042506
alpha94t-13,0.0
alpha94t-12,0.0
alpha94t-11,0.0
alpha94t-10,0.0021929317
alpha94t-1,0.0
alpha94t,0.0
alpha93t-9,0.0
alpha93t-8,0.0
alpha93t-7,0.0
alpha93t-6,0.0
alpha93t-5,0.0017284468
alpha93t-4,0.0
alpha93t-3,0.0
alpha93t-20,0.0
alpha93t-2,0.0
alpha93t-19,0.0
alpha93t-18,0.0
alpha93t-17,0.0
alpha93t-16,0.0
alpha93t-15,0.0
alpha93t-14,0.0
alpha93t-13,0.0
alpha93t-12,0.0
alpha93t-11,0.0
alpha93t-10,0.0
alpha93t-1,0.0
alpha93t,0.0017765444
alpha89t-9,0.0
alpha89t-8,0.0
alpha89t-7,0.0
alpha89t-6,0.0
alpha89t-5,0.0
alpha89t-4,0.0
alpha89t-3,0.0
alpha89t-20,0.0
alpha89t-2,0.0
alpha89t-19,0.0
alpha89t-18,0.0
alpha89t-17,0.0
alpha89t-16,0.0
alpha89t-15,0.0
alpha89t-14,0.0
alpha89t-13,0.0
alpha89t-12,0.0
alpha89t-11,0.0
alpha89t-10,0.0
alpha89t-1,0.0
alpha89t,0.0
alpha87t-9,0.0
alpha87t-8,0.0
alpha87t-7,0.0
alpha87t-6,0.0
alpha87t-5,0.0
alpha87t-4,0.0
alpha87t-3,0.0
alpha87t-20,0.0
alpha87t-2,0.0
alpha87t-19,0.0
alpha87t-18,0.0
alpha87t-17,0.0
alpha87t-16,0.0
alpha87t-15,0.0019070564
alpha87t-14,0.0
alpha87t-13,0.0
alpha87t-12,0.0
alpha87t-11,0.0
alpha87t-10,0.0
alpha87t-1,0.0
alpha87t,0.0
alpha86t-9,0.0
alpha86t-8,0.0
alpha86t-7,0.0
alpha86t-6,0.0
alpha86t-5,0.0
alpha86t-4,0.0
alpha86t-3,0.0
alpha86t-20,0.0
alpha86t-2,0.0
alpha86t-19,0.0
alpha86t-18,0.0
alpha86t-17,0.0
alpha86t-16,0.0
alpha86t-15,0.0
alpha86t-14,0.0
alpha86t-13,0.0
alpha86t-12,0.0
alpha86t-11,0.0
alpha86t-10,0.0
alpha86t-1,0.0
alpha86t,0.0
alpha85t-9,0.0
alpha85t-8,0.002625664
alpha85t-7,0.0
alpha85t-6,0.0
alpha85t-5,0.0
alpha85t-4,0.0
alpha85t-3,0.0
alpha85t-20,0.0
alpha85t-2,0.0
alpha85t-19,0.0001162961
alpha85t-18,0.0
alpha85t-17,0.0
alpha85t-16,0.0
alpha85t-15,0.0
alpha85t-14,0.0
alpha85t-13,0.0
alpha85t-12,0.0
alpha85t-11,0.0
alpha85t-10,0.0
alpha85t-1,0.0
alpha85t,0.0
alpha84t-9,0.0
alpha84t-8,0.0
alpha84t-7,0.0
alpha84t-6,0.0
alpha84t-5,0.0
alpha84t-4,0.0
alpha84t-3,0.0
alpha84t-20,0.0
alpha84t-2,0.0
alpha84t-19,0.0
alpha84t-18,0.0
alpha84t-17,0.0
alpha84t-16,0.0
alpha84t-15,0.0
alpha84t-14,0.0
alpha84t-13,0.0
alpha84t-12,0.0
alpha84t-11,0.0
alpha84t-10,0.0
alpha84t-1,0.0
alpha84t,0.0
alpha83t-9,0.0
alpha83t-8,0.0
alpha83t-7,0.0
alpha83t-6,0.0011795147
alpha83t-5,0.0
alpha83t-4,0.0003649128
alpha83t-3,0.0
alpha83t-20,0.0
alpha83t-2,0.0
alpha83t-19,0.0
alpha83t-18,0.0
alpha83t-17,0.0
alpha83t-16,0.0
alpha83t-15,0.0
alpha83t-14,0.0
alpha83t-13,0.0
alpha83t-12,0.0
alpha83t-11,0.0
alpha83t-10,0.0
alpha83t-1,0.0
alpha83t,0.0
alpha82t-9,0.0
alpha82t-8,0.0
alpha82t-7,0.0
alpha82t-6,0.0
alpha82t-5,0.0
alpha82t-4,0.0
alpha82t-3,0.0
alpha82t-20,0.0
alpha82t-2,0.013055888
alpha82t-19,0.0
alpha82t-18,0.0
alpha82t-17,0.0
alpha82t-16,0.0
alpha82t-15,0.0
alpha82t-14,0.0
alpha82t-13,0.0
alpha82t-12,0.0
alpha82t-11,0.0
alpha82t-10,0.0
alpha82t-1,0.0
alpha82t,0.0
alpha81t-9,0.0
alpha81t-8,0.0
alpha81t-7,0.0
alpha81t-6,0.0
alpha81t-5,0.0
alpha81t-4,0.0
alpha81t-3,0.0
alpha81t-20,0.0
alpha81t-2,0.0
alpha81t-19,0.0
alpha81t-18,0.0
alpha81t-17,0.0
alpha81t-16,0.0
alpha81t-15,0.0
alpha81t-14,0.0
alpha81t-13,0.0
alpha81t-12,0.0
alpha81t-11,0.0
alpha81t-10,0.0
alpha81t-1,0.0
alpha81t,0.0
alpha80t-9,0.0
alpha80t-8,0.0
alpha80t-7,0.0
alpha80t-6,0.0
alpha80t-5,0.0
alpha80t-4,0.0
alpha80t-3,0.0
alpha80t-20,0.0
alpha80t-2,0.0
alpha80t-19,0.0
alpha80t-18,0.0
alpha80t-17,0.0
alpha80t-16,0.0
alpha80t-15,0.0
alpha80t-14,0.0
alpha80t-13,0.0
alpha80t-12,0.0
alpha80t-11,0.0
alpha80t-10,0.0
alpha80t-1,0.0
alpha80t,0.0
alpha79t-9,0.0
alpha79t-8,0.0
alpha79t-7,0.0
alpha79t-6,0.0
alpha79t-5,0.0
alpha79t-4,0.0
alpha79t-3,0.0
alpha79t-20,0.0
alpha79t-2,0.0
alpha79t-19,0.0011832905
alpha79t-18,0.0
alpha79t-17,0.0
alpha79t-16,0.0
alpha79t-15,0.0
alpha79t-14,0.0
alpha79t-13,0.0
alpha79t-12,0.0
alpha79t-11,0.0
alpha79t-10,0.0
alpha79t-1,0.0
alpha79t,0.0
alpha78t-9,0.0
alpha78t-8,0.0
alpha78t-7,0.0
alpha78t-6,0.0
alpha78t-5,0.0
alpha78t-4,0.0
alpha78t-3,0.0
alpha78t-20,0.0
alpha78t-2,0.0
alpha78t-19,0.0
alpha78t-18,0.0
alpha78t-17,0.0
alpha78t-16,0.0
alpha78t-15,0.0
alpha78t-14,0.0
alpha78t-13,0.0
alpha78t-12,0.0
alpha78t-11,0.0
alpha78t-10,0.0
alpha78t-1,0.0
alpha78t,0.0
alpha76t-9,0.0
alpha76t-8,0.0
alpha76t-7,0.0
alpha76t-6,0.0
alpha76t-5,0.0
alpha76t-4,0.0
alpha76t-3,0.0
alpha76t-20,0.0
alpha76t-2,0.0
alpha76t-19,0.0
alpha76t-18,0.0
alpha76t-17,0.0
alpha76t-16,0.0
alpha76t-15,0.0
alpha76t-14,0.0
alpha76t-13,0.0
alpha76t-12,0.0
alpha76t-11,0.0
alpha76t-10,0.0
alpha76t-1,0.0
alpha76t,0.0
alpha72t-9,0.0
alpha72t-8,0.0010532502
alpha72t-7,0.0
alpha72t-6,0.0
alpha72t-5,0.0
alpha72t-4,0.0
alpha72t-3,0.0
alpha72t-20,0.0
alpha72t-2,0.0
alpha72t-19,0.0
alpha72t-18,0.0
alpha72t-17,0.0
alpha72t-16,0.0
alpha72t-15,0.0
alpha72t-14,0.0
alpha72t-13,0.0
alpha72t-12,0.0
alpha72t-11,0.0009645527
alpha72t-10,0.0
alpha72t-1,0.0
alpha72t,0.0
alpha71t-9,0.0
alpha71t-8,0.0
alpha71t-7,0.0
alpha71t-6,0.0
alpha71t-5,0.0
alpha71t-4,0.0
alpha71t-3,0.0
alpha71t-20,0.0
alpha71t-2,0.02134859
alpha71t-19,0.0
alpha71t-18,0.0
alpha71t-17,0.0
alpha71t-16,0.0
alpha71t-15,0.0
alpha71t-14,0.0
alpha71t-13,0.0
alpha71t-12,0.0
alpha71t-11,0.0013517835
alpha71t-10,0.0
alpha71t-1,0.0
alpha71t,0.0
alpha70t-9,0.0055062533
alpha70t-8,0.0
alpha70t-7,0.0
alpha70t-6,0.0
alpha70t-5,0.0
alpha70t-4,0.0
alpha70t-3,0.0018214459
alpha70t-20,0.0
alpha70t-2,0.0
alpha70t-19,0.0
alpha70t-18,0.0
alpha70t-17,0.0
alpha70t-16,0.0
alpha70t-15,0.00095790025
alpha70t-14,0.0
alpha70t-13,0.0
alpha70t-12,0.0
alpha70t-11,0.0
alpha70t-10,0.0
alpha70t-1,0.0
alpha70t,0.0005643004
alpha68t-9,0.0
alpha68t-8,0.0
alpha68t-7,0.0
alpha68t-6,0.0
alpha68t-5,0.0
alpha68t-4,0.0
alpha68t-3,0.0
alpha68t-20,0.0
alpha68t-2,0.0
alpha68t-19,0.0
alpha68t-18,0.0
alpha68t-17,0.0
alpha68t-16,0.0
alpha68t-15,0.0
alpha68t-14,0.0
alpha68t-13,0.0
alpha68t-12,0.0
alpha68t-11,0.0
alpha68t-10,0.0
alpha68t-1,0.0
alpha68t,0.0
alpha67t-9,0.0
alpha67t-8,0.0
alpha67t-7,0.0
alpha67t-6,0.0
alpha67t-5,0.0
alpha67t-4,0.02092792
alpha67t-3,0.0
alpha67t-20,0.0
alpha67t-2,0.0
alpha67t-19,0.0
alpha67t-18,0.0
alpha67t-17,0.0
alpha67t-16,0.0
alpha67t-15,0.0
alpha67t-14,0.0
alpha67t-13,0.0
alpha67t-12,0.0
alpha67t-11,0.0
alpha67t-10,0.0
alpha67t-1,0.0
alpha67t,0.0
alpha66t-9,0.0
alpha66t-8,0.0
alpha66t-7,0.0
alpha66t-6,0.0
alpha66t-5,0.0
alpha66t-4,0.0
alpha66t-3,0.0
alpha66t-20,0.0
alpha66t-2,0.0
alpha66t-19,0.0
alpha66t-18,0.0
alpha66t-17,0.0
alpha66t-16,0.0
alpha66t-15,0.0
alpha66t-14,0.0
alpha66t-13,0.0
alpha66t-12,0.0
alpha66t-11,0.0
alpha66t-10,0.0
alpha66t-1,0.0
alpha66t,0.0
alpha65t-9,0.0
alpha65t-8,0.0
alpha65t-7,0.0
alpha65t-6,0.0
alpha65t-5,0.0
alpha65t-4,0.0
alpha65t-3,0.0
alpha65t-20,0.0
alpha65t-2,0.0
alpha65t-19,0.0
alpha65t-18,0.0
alpha65t-17,0.0
alpha65t-16,0.0
alpha65t-15,0.0
alpha65t-14,0.0
alpha65t-13,0.0
alpha65t-12,0.0
alpha65t-11,0.0
alpha65t-10,0.0
alpha65t-1,0.0
alpha65t,0.010533368
alpha63t-9,0.0
alpha63t-8,0.0
alpha63t-7,0.0
alpha63t-6,0.0
alpha63t-5,0.0
alpha63t-4,0.0
alpha63t-3,0.0
alpha63t-20,0.0
alpha63t-2,0.0
alpha63t-19,0.0
alpha63t-18,0.0
alpha63t-17,0.0
alpha63t-16,0.0
alpha63t-15,0.0
alpha63t-14,0.0
alpha63t-13,0.0
alpha63t-12,0.0
alpha63t-11,0.0
alpha63t-10,0.0
alpha63t-1,0.0
alpha63t,0.0
alpha60t-9,0.0
alpha60t-8,0.0
alpha60t-7,0.0
alpha60t-6,0.0
alpha60t-5,0.0
alpha60t-4,0.0
alpha60t-3,0.0
alpha60t-20,0.0
alpha60t-2,0.0
alpha60t-19,0.0
alpha60t-18,0.0022004165
alpha60t-17,0.0
alpha60t-16,0.0
alpha60t-15,0.0
alpha60t-14,0.0007046317
alpha60t-13,0.0
alpha60t-12,0.0
alpha60t-11,0.0
alpha60t-10,0.0
alpha60t-1,0.0
alpha60t,0.0014353615
alpha5t-9,0.0
alpha5t-8,0.0
alpha5t-7,0.0
alpha5t-6,0.0
alpha5t-5,0.0
alpha5t-4,0.0
alpha5t-3,0.0
alpha5t-20,0.0
alpha5t-2,0.00086660753
alpha5t-19,0.0
alpha5t-18,0.0
alpha5t-17,0.0012544899
alpha5t-16,0.0
alpha5t-15,0.0
alpha5t-14,0.0
alpha5t-13,0.0
alpha5t-12,0.0
alpha5t-11,0.0
alpha5t-10,0.0
alpha5t-1,0.0
alpha5t,0.00013591796
alpha59t-9,0.0
alpha59t-8,0.0
alpha59t-7,0.0011281744
alpha59t-6,0.0
alpha59t-5,0.0010539878
alpha59t-4,0.0
alpha59t-3,0.0
alpha59t-20,0.0
alpha59t-2,0.0
alpha59t-19,0.0
alpha59t-18,0.0
alpha59t-17,0.0
alpha59t-16,0.0
alpha59t-15,0.0
alpha59t-14,0.0
alpha59t-13,0.0
alpha59t-12,0.0
alpha59t-11,0.0
alpha59t-10,0.0
alpha59t-1,0.0
alpha59t,0.0
alpha58t-9,0.0
alpha58t-8,0.0
alpha58t-7,0.0
alpha58t-6,0.0
alpha58t-5,0.0
alpha58t-4,0.0
alpha58t-3,0.0
alpha58t-20,0.0
alpha58t-2,0.0
alpha58t-19,0.0
alpha58t-18,0.0
alpha58t-17,0.0
alpha58t-16,0.0
alpha58t-15,0.0
alpha58t-14,0.0
alpha58t-13,0.0
alpha58t-12,0.0
alpha58t-11,0.0
alpha58t-10,0.0
alpha58t-1,0.0
alpha58t,0.0
alpha57t-9,0.0
alpha57t-8,0.00065472105
alpha57t-7,0.0
alpha57t-6,0.0
alpha57t-5,0.0
alpha57t-4,0.0
alpha57t-3,0.0
alpha57t-20,0.0
alpha57t-2,0.0
alpha57t-19,0.0
alpha57t-18,0.0
alpha57t-17,0.0
alpha57t-16,0.00082966534
alpha57t-15,0.0
alpha57t-14,0.0
alpha57t-13,0.0
alpha57t-12,0.0
alpha57t-11,0.0
alpha57t-10,0.0
alpha57t-1,0.0
alpha57t,0.0
alpha53t-9,0.0
alpha53t-8,0.0
alpha53t-7,0.0
alpha53t-6,0.0
alpha53t-5,0.0
alpha53t-4,0.0
alpha53t-3,0.0
alpha53t-20,0.0
alpha53t-2,0.0
alpha53t-19,0.0
alpha53t-18,0.0
alpha53t-17,0.0
alpha53t-16,0.0
alpha53t-15,0.0
alpha53t-14,0.0
alpha53t-13,0.0
alpha53t-12,0.0
alpha53t-11,0.0
alpha53t-10,0.0
alpha53t-1,0.0
alpha53t,0.0
alpha52t-9,0.0
alpha52t-8,0.0
alpha52t-7,0.0
alpha52t-6,0.0
alpha52t-5,0.0
alpha52t-4,0.0
alpha52t-3,0.0
alpha52t-20,0.0013170087
alpha52t-2,0.0
alpha52t-19,0.0
alpha52t-18,0.0
alpha52t-17,0.0
alpha52t-16,0.0
alpha52t-15,0.0
alpha52t-14,0.0
alpha52t-13,0.0
alpha52t-12,0.0
alpha52t-11,0.0
alpha52t-10,0.0
alpha52t-1,0.0
alpha52t,0.0
alpha4t-9,0.0
alpha4t-8,0.0
alpha4t-7,0.0
alpha4t-6,0.0
alpha4t-5,0.0
alpha4t-4,0.0
alpha4t-3,0.0
alpha4t-20,0.0
alpha4t-2,0.0
alpha4t-19,0.0
alpha4t-18,0.0
alpha4t-17,0.0
alpha4t-16,0.0
alpha4t-15,0.0
alpha4t-14,0.0
alpha4t-13,0.0
alpha4t-12,0.0
alpha4t-11,0.0
alpha4t-10,0.0
alpha4t-1,0.0
alpha4t,0.00017184205
alpha49t-9,0.0
alpha49t-8,0.0
alpha49t-7,0.0
alpha49t-6,0.0
alpha49t-5,0.0
alpha49t-4,0.0
alpha49t-3,0.0
alpha49t-20,0.0
alpha49t-2,0.0
alpha49t-19,0.0
alpha49t-18,0.0
alpha49t-17,0.0
alpha49t-16,0.0
alpha49t-15,0.0
alpha49t-14,0.0
alpha49t-13,0.0
alpha49t-12,0.0
alpha49t-11,0.0
alpha49t-10,0.0
alpha49t-1,0.0
alpha49t,0.0
alpha48t-9,0.0
alpha48t-8,0.0
alpha48t-7,0.0
alpha48t-6,0.0
alpha48t-5,0.0
alpha48t-4,0.0
alpha48t-3,0.0
alpha48t-20,0.0
alpha48t-2,0.0
alpha48t-19,0.0
alpha48t-18,0.0
alpha48t-17,0.0
alpha48t-16,0.0
alpha48t-15,0.0
alpha48t-14,0.0
alpha48t-13,0.0
alpha48t-12,0.0
alpha48t-11,0.0
alpha48t-10,0.0
alpha48t-1,0.0
alpha48t,0.0006650427
alpha47t-9,0.0
alpha47t-8,0.0
alpha47t-7,0.0
alpha47t-6,0.0
alpha47t-5,0.0
alpha47t-4,0.00048656773
alpha47t-3,0.0
alpha47t-20,0.0
alpha47t-2,0.0
alpha47t-19,0.0
alpha47t-18,0.0
alpha47t-17,0.0
alpha47t-16,0.0
alpha47t-15,0.0
alpha47t-14,0.0
alpha47t-13,0.0
alpha47t-12,0.0
alpha47t-11,0.0
alpha47t-10,0.0
alpha47t-1,0.0
alpha47t,0.0
alpha46t-9,0.0
alpha46t-8,0.0
alpha46t-7,0.0
alpha46t-6,0.0
alpha46t-5,0.0
alpha46t-4,0.0
alpha46t-3,0.0
alpha46t-20,0.0
alpha46t-2,0.0
alpha46t-19,0.0
alpha46t-18,0.0
alpha46t-17,0.0
alpha46t-16,0.0
alpha46t-15,0.0
alpha46t-14,0.0008265817
alpha46t-13,0.0
alpha46t-12,0.0
alpha46t-11,0.0
alpha46t-10,0.0
alpha46t-1,0.0
alpha46t,0.0022834262
alpha44t-9,0.0
alpha44t-8,0.0
alpha44t-7,0.0
alpha44t-6,0.0005057674
alpha44t-5,0.0
alpha44t-4,0.0
alpha44t-3,0.0
alpha44t-20,0.0
alpha44t-2,0.0
alpha44t-19,0.0
alpha44t-18,0.0
alpha44t-17,0.0
alpha44t-16,0.0
alpha44t-15,0.0
alpha44t-14,0.0
alpha44t-13,0.0
alpha44t-12,0.0
alpha44t-11,0.0
alpha44t-10,0.0
alpha44t-1,0.0
alpha44t,0.0
alpha43t-9,0.0
alpha43t-8,0.0
alpha43t-7,0.0
alpha43t-6,0.0
alpha43t-5,0.0
alpha43t-4,0.0
alpha43t-3,0.0
alpha43t-20,0.0024692174
alpha43t-2,0.00082038756
alpha43t-19,0.0
alpha43t-18,0.0
alpha43t-17,0.0
alpha43t-16,0.0
alpha43t-15,0.0
alpha43t-14,0.0
alpha43t-13,0.0
alpha43t-12,0.0
alpha43t-11,0.0
alpha43t-10,0.0015905872
alpha43t-1,0.0
alpha43t,0.0033765282
alpha42t-9,0.0
alpha42t-8,0.0
alpha42t-7,0.0
alpha42t-6,0.0
alpha42t-5,0.0
alpha42t-4,0.0
alpha42t-3,0.0
alpha42t-20,0.0
alpha42t-2,0.0
alpha42t-19,0.0
alpha42t-18,0.0
alpha42t-17,0.0
alpha42t-16,0.0
alpha42t-15,0.0
alpha42t-14,0.0
alpha42t-13,0.0
alpha42t-12,0.0
alpha42t-11,0.0
alpha42t-10,0.0
alpha42t-1,0.0
alpha42t,5.1043386e-05
alpha40t-9,0.00064390077
alpha40t-8,0.0
alpha40t-7,0.0
alpha40t-6,0.0
alpha40t-5,0.0
alpha40t-4,0.0
alpha40t-3,0.0
alpha40t-20,0.0
alpha40t-2,0.0
alpha40t-19,0.0
alpha40t-18,0.0
alpha40t-17,0.0
alpha40t-16,0.0
alpha40t-15,0.0
alpha40t-14,0.0
alpha40t-13,0.0
alpha40t-12,0.0
alpha40t-11,0.0
alpha40t-10,0.0
alpha40t-1,0.0
alpha40t,0.0
alpha3t-9,0.0029924589
alpha3t-8,0.0
alpha3t-7,0.0
alpha3t-6,0.0
alpha3t-5,0.0
alpha3t-4,0.0021687476
alpha3t-3,0.0
alpha3t-20,0.0
alpha3t-2,0.0
alpha3t-19,0.0
alpha3t-18,0.0
alpha3t-17,0.0
alpha3t-16,0.0
alpha3t-15,0.0
alpha3t-14,0.0
alpha3t-13,0.0
alpha3t-12,0.0
alpha3t-11,0.0
alpha3t-10,0.0
alpha3t-1,0.0
alpha3t,0.00019812874
alpha38t-9,0.0
alpha38t-8,0.0
alpha38t-7,0.0
alpha38t-6,0.0
alpha38t-5,0.0
alpha38t-4,0.0
alpha38t-3,0.0
alpha38t-20,0.0
alpha38t-2,0.005312426
alpha38t-19,0.0
alpha38t-18,0.0
alpha38t-17,0.0
alpha38t-16,0.0
alpha38t-15,0.0
alpha38t-14,0.0
alpha38t-13,0.0
alpha38t-12,0.0
alpha38t-11,0.0012638709
alpha38t-10,0.0
alpha38t-1,0.0
alpha38t,0.00029405256
alpha37t-9,0.0
alpha37t-8,0.0013887625
alpha37t-7,0.0
alpha37t-6,0.0
alpha37t-5,0.0
alpha37t-4,0.004200126
alpha37t-3,0.0
alpha37t-20,0.0
alpha37t-2,0.00085534103
alpha37t-19,0.0034824735
alpha37t-18,0.0
alpha37t-17,0.0
alpha37t-16,0.0
alpha37t-15,0.0
alpha37t-14,0.0
alpha37t-13,0.0
alpha37t-12,0.0
alpha37t-11,0.0
alpha37t-10,0.0
alpha37t-1,0.0
alpha37t,0.0
alpha35t-9,0.0
alpha35t-8,0.0
alpha35t-7,0.0
alpha35t-6,0.0
alpha35t-5,0.0
alpha35t-4,0.0
alpha35t-3,0.0
alpha35t-20,0.0
alpha35t-2,0.0
alpha35t-19,0.0
alpha35t-18,0.0
alpha35t-17,0.0005635324
alpha35t-16,0.0
alpha35t-15,0.0
alpha35t-14,0.0
alpha35t-13,0.0
alpha35t-12,0.0
alpha35t-11,0.0
alpha35t-10,0.0
alpha35t-1,0.0
alpha35t,0.0
alpha34t-9,0.0
alpha34t-8,0.0
alpha34t-7,0.0
alpha34t-6,0.0
alpha34t-5,0.0
alpha34t-4,0.0
alpha34t-3,0.0
alpha34t-20,0.0
alpha34t-2,0.0
alpha34t-19,0.0
alpha34t-18,0.0
alpha34t-17,0.0
alpha34t-16,0.0
alpha34t-15,0.0
alpha34t-14,0.0
alpha34t-13,0.0
alpha34t-12,0.0
alpha34t-11,0.0
alpha34t-10,0.0
alpha34t-1,0.0
alpha34t,0.0
alpha31t-9,0.0
alpha31t-8,0.0
alpha31t-7,0.0
alpha31t-6,0.0
alpha31t-5,0.0
alpha31t-4,0.0
alpha31t-3,0.0
alpha31t-20,0.0
alpha31t-2,0.0
alpha31t-19,0.0
alpha31t-18,0.0
alpha31t-17,0.0
alpha31t-16,0.0
alpha31t-15,0.0
alpha31t-14,0.0
alpha31t-13,0.0
alpha31t-12,0.0
alpha31t-11,0.0
alpha31t-10,0.0
alpha31t-1,0.0
alpha31t,0.0
alpha2t-9,0.0
alpha2t-8,0.000107866406
alpha2t-7,0.0016648681
alpha2t-6,0.0
alpha2t-5,0.0
alpha2t-4,0.0
alpha2t-3,0.0017613763
alpha2t-20,9.441306e-05
alpha2t-2,0.0025721805
alpha2t-19,0.0
alpha2t-18,0.0
alpha2t-17,0.0
alpha2t-16,0.0
alpha2t-15,0.0
alpha2t-14,0.0
alpha2t-13,0.0
alpha2t-12,0.00018598847
alpha2t-11,0.0
alpha2t-10,0.0
alpha2t-1,0.0
alpha2t,0.000479105
alpha29t-9,0.0
alpha29t-8,0.0023707612
alpha29t-7,0.0
alpha29t-6,0.0
alpha29t-5,0.0025366338
alpha29t-4,0.0
alpha29t-3,0.0
alpha29t-20,0.0
alpha29t-2,0.0
alpha29t-19,0.0
alpha29t-18,0.0
alpha29t-17,0.0016141036
alpha29t-16,0.0
alpha29t-15,0.0
alpha29t-14,0.0
alpha29t-13,0.0
alpha29t-12,0.0
alpha29t-11,0.0
alpha29t-10,0.0
alpha29t-1,0.0
alpha29t,0.0
alpha28t-9,0.0
alpha28t-8,0.0
alpha28t-7,0.0
alpha28t-6,0.0
alpha28t-5,0.0
alpha28t-4,0.0
alpha28t-3,0.0030798994
alpha28t-20,0.0
alpha28t-2,0.0
alpha28t-19,0.0
alpha28t-18,0.0
alpha28t-17,0.0
alpha28t-16,0.0
alpha28t-15,0.0
alpha28t-14,0.0
alpha28t-13,0.0
alpha28t-12,0.0
alpha28t-11,0.0
alpha28t-10,0.0
alpha28t-1,0.0
alpha28t,0.0
alpha25t-9,0.0
alpha25t-8,0.0
alpha25t-7,0.0
alpha25t-6,0.0
alpha25t-5,0.0
alpha25t-4,0.0
alpha25t-3,0.0
alpha25t-20,0.0
alpha25t-2,0.0
alpha25t-19,0.0
alpha25t-18,0.0
alpha25t-17,0.0
alpha25t-16,0.0
alpha25t-15,0.0
alpha25t-14,0.0
alpha25t-13,0.0
alpha25t-12,0.0
alpha25t-11,0.0
alpha25t-10,0.0
alpha25t-1,0.0
alpha25t,0.0
alpha24t-9,0.0
alpha24t-8,0.0
alpha24t-7,0.0
alpha24t-6,0.0
alpha24t-5,0.0
alpha24t-4,0.0
alpha24t-3,0.0
alpha24t-20,0.0
alpha24t-2,0.0
alpha24t-19,0.0
alpha24t-18,0.0002527323
alpha24t-17,0.0
alpha24t-16,0.0
alpha24t-15,0.0
alpha24t-14,0.0
alpha24t-13,0.0043796618
alpha24t-12,0.0
alpha24t-11,0.0
alpha24t-10,0.0
alpha24t-1,0.0
alpha24t,7.667369e-05
alpha23t-9,0.0
alpha23t-8,0.0
alpha23t-7,0.0
alpha23t-6,0.0
alpha23t-5,0.0
alpha23t-4,0.0
alpha23t-3,0.0
alpha23t-20,0.0
alpha23t-2,0.0
alpha23t-19,0.0
alpha23t-18,0.0
alpha23t-17,0.0
alpha23t-16,0.0
alpha23t-15,0.0
alpha23t-14,0.0
alpha23t-13,0.0
alpha23t-12,0.0011089974
alpha23t-11,0.0
alpha23t-10,0.0
alpha23t-1,0.0
alpha23t,0.0
alpha22t-9,0.0
alpha22t-8,0.0
alpha22t-7,0.0
alpha22t-6,0.0
alpha22t-5,0.0
alpha22t-4,0.0
alpha22t-3,0.0
alpha22t-20,0.005527233
alpha22t-2,0.0
alpha22t-19,0.0
alpha22t-18,0.0011869919
alpha22t-17,0.0
alpha22t-16,0.0
alpha22t-15,0.0
alpha22t-14,0.0
alpha22t-13,0.0
alpha22t-12,0.0
alpha22t-11,0.0
alpha22t-10,0.0
alpha22t-1,0.0
alpha22t,0.0
alpha21t-9,0.0
alpha21t-8,0.0
alpha21t-7,6.959692e-05
alpha21t-6,0.0
alpha21t-5,0.0
alpha21t-4,0.0
alpha21t-3,0.0
alpha21t-20,0.0
alpha21t-2,0.0
alpha21t-19,0.0
alpha21t-18,0.0
alpha21t-17,0.0
alpha21t-16,0.0
alpha21t-15,0.0
alpha21t-14,0.0
alpha21t-13,0.0010951228
alpha21t-12,0.0
alpha21t-11,0.0
alpha21t-10,0.0025955203
alpha21t-1,0.0
alpha21t,0.00068154436
alpha20t-9,0.0
alpha20t-8,0.0
alpha20t-7,0.0
alpha20t-6,0.0
alpha20t-5,0.0
alpha20t-4,0.0
alpha20t-3,0.0
alpha20t-20,0.0
alpha20t-2,6.533293e-05
alpha20t-19,0.0
alpha20t-18,0.0
alpha20t-17,0.0
alpha20t-16,0.0012779798
alpha20t-15,0.0
alpha20t-14,0.0
alpha20t-13,0.0
alpha20t-12,0.0
alpha20t-11,0.0
alpha20t-10,0.0
alpha20t-1,0.0
alpha20t,0.0
alpha19t-9,0.0
alpha19t-8,0.0
alpha19t-7,0.0
alpha19t-6,0.0
alpha19t-5,0.0
alpha19t-4,0.0
alpha19t-3,0.0
alpha19t-20,0.0
alpha19t-2,0.0
alpha19t-19,0.0
alpha19t-18,0.0
alpha19t-17,0.0
alpha19t-16,0.0
alpha19t-15,0.0
alpha19t-14,0.0
alpha19t-13,0.0
alpha19t-12,0.0
alpha19t-11,0.0
alpha19t-10,0.0
alpha19t-1,0.0
alpha19t,0.0
alpha191t-9,0.0
alpha191t-8,0.0
alpha191t-7,0.0
alpha191t-6,0.003168543
alpha191t-5,0.0
alpha191t-4,0.0055872113
alpha191t-3,0.0037010636
alpha191t-20,0.003365866
alpha191t-2,0.0
alpha191t-19,0.0
alpha191t-18,0.0
alpha191t-17,0.0
alpha191t-16,0.0
alpha191t-15,0.0
alpha191t-14,0.0
alpha191t-13,0.0006566943
alpha191t-12,0.000701786
alpha191t-11,0.0
alpha191t-10,0.0
alpha191t-1,0.0
alpha191t,0.1196166
alpha18t-9,0.0
alpha18t-8,0.0
alpha18t-7,0.0
alpha18t-6,0.0
alpha18t-5,0.0
alpha18t-4,0.0
alpha18t-3,0.0
alpha18t-20,0.0
alpha18t-2,0.0
alpha18t-19,0.0
alpha18t-18,0.0
alpha18t-17,0.0
alpha18t-16,0.0
alpha18t-15,0.0
alpha18t-14,0.0
alpha18t-13,0.0
alpha18t-12,0.0
alpha18t-11,0.0
alpha18t-10,0.0
alpha18t-1,0.0
alpha18t,0.0
alpha189t-9,0.0
alpha189t-8,0.0
alpha189t-7,0.0
alpha189t-6,0.0
alpha189t-5,0.0
alpha189t-4,0.0025810732
alpha189t-3,0.0
alpha189t-20,0.0
alpha189t-2,0.008924736
alpha189t-19,0.0
alpha189t-18,0.0
alpha189t-17,0.0
alpha189t-16,0.0
alpha189t-15,0.0
alpha189t-14,0.0
alpha189t-13,0.0010606323
alpha189t-12,0.0
alpha189t-11,0.0
alpha189t-10,0.0
alpha189t-1,0.0
alpha189t,0.010825726
alpha188t-9,0.0
alpha188t-8,0.0
alpha188t-7,0.0
alpha188t-6,0.0
alpha188t-5,0.0
alpha188t-4,0.0009007774
alpha188t-3,0.0
alpha188t-20,0.0
alpha188t-2,0.0
alpha188t-19,0.0
alpha188t-18,0.0
alpha188t-17,0.0
alpha188t-16,0.0
alpha188t-15,0.0
alpha188t-14,0.0
alpha188t-13,0.0
alpha188t-12,0.0
alpha188t-11,0.0
alpha188t-10,0.0
alpha188t-1,0.0
alpha188t,0.01859822
alpha187t-9,0.0
alpha187t-8,0.0
alpha187t-7,0.0
alpha187t-6,0.0
alpha187t-5,0.0
alpha187t-4,0.0
alpha187t-3,0.0
alpha187t-20,0.0
alpha187t-2,0.0
alpha187t-19,0.0
alpha187t-18,0.0
alpha187t-17,0.0
alpha187t-16,0.0
alpha187t-15,0.0
alpha187t-14,0.0
alpha187t-13,0.0
alpha187t-12,0.0
alpha187t-11,0.0
alpha187t-10,0.0
alpha187t-1,0.0
alpha187t,0.0
alpha186t-9,0.0
alpha186t-8,0.0011889599
alpha186t-7,0.0
alpha186t-6,0.0
alpha186t-5,0.0
alpha186t-4,0.0
alpha186t-3,0.0
alpha186t-20,0.0
alpha186t-2,0.0
alpha186t-19,0.0
alpha186t-18,0.0
alpha186t-17,0.0
alpha186t-16,0.0
alpha186t-15,0.0
alpha186t-14,0.0
alpha186t-13,0.0
alpha186t-12,0.0
alpha186t-11,0.0
alpha186t-10,0.0
alpha186t-1,0.0
alpha186t,0.0
alpha180t-9,0.0
alpha180t-8,0.0
alpha180t-7,0.0
alpha180t-6,0.0
alpha180t-5,0.0
alpha180t-4,0.0
alpha180t-3,0.00072025205
alpha180t-20,0.0
alpha180t-2,0.0
alpha180t-19,0.0
alpha180t-18,0.0
alpha180t-17,0.00041253978
alpha180t-16,0.0
alpha180t-15,0.0014284762
alpha180t-14,0.0
alpha180t-13,0.0
alpha180t-12,0.0
alpha180t-11,0.0
alpha180t-10,0.0028464543
alpha180t-1,0.0
alpha180t,0.0040588025
alpha178t-9,0.0
alpha178t-8,0.0
alpha178t-7,0.0
alpha178t-6,0.0
alpha178t-5,0.0009975422
alpha178t-4,0.0
alpha178t-3,0.0
alpha178t-20,0.0023310683
alpha178t-2,0.0
alpha178t-19,0.0
alpha178t-18,0.004286739
alpha178t-17,0.0018058316
alpha178t-16,0.0
alpha178t-15,0.0
alpha178t-14,0.0
alpha178t-13,0.0022973933
alpha178t-12,0.0
alpha178t-11,0.0
alpha178t-10,0.0
alpha178t-1,0.0
alpha178t,0.1945481
alpha176t-9,0.0
alpha176t-8,0.0
alpha176t-7,0.0
alpha176t-6,0.0
alpha176t-5,0.0
alpha176t-4,0.0
alpha176t-3,0.0
alpha176t-20,0.0010899772
alpha176t-2,0.0
alpha176t-19,0.0
alpha176t-18,0.0
alpha176t-17,0.0020101694
alpha176t-16,0.0
alpha176t-15,0.0
alpha176t-14,0.0
alpha176t-13,0.0
alpha176t-12,0.0
alpha176t-11,0.0
alpha176t-10,0.0
alpha176t-1,0.0
alpha176t,0.002552405
alpha174t-9,0.0
alpha174t-8,0.0024737425
alpha174t-7,0.0
alpha174t-6,0.0
alpha174t-5,0.0
alpha174t-4,0.0
alpha174t-3,0.0
alpha174t-20,0.0
alpha174t-2,0.0
alpha174t-19,0.0
alpha174t-18,0.0
alpha174t-17,0.0
alpha174t-16,0.0
alpha174t-15,0.0
alpha174t-14,0.0
alpha174t-13,0.0
alpha174t-12,0.0
alpha174t-11,0.0
alpha174t-10,0.0
alpha174t-1,0.0
alpha174t,0.0
alpha173t-9,0.0
alpha173t-8,0.0
alpha173t-7,0.0
alpha173t-6,0.0
alpha173t-5,0.0
alpha173t-4,0.0
alpha173t-3,0.0
alpha173t-20,0.0076612076
alpha173t-2,0.0
alpha173t-19,0.004487554
alpha173t-18,0.0
alpha173t-17,0.0
alpha173t-16,0.0
alpha173t-15,0.0
alpha173t-14,0.0
alpha173t-13,0.0
alpha173t-12,0.0
alpha173t-11,0.0
alpha173t-10,0.0
alpha173t-1,0.0
alpha173t,0.0112959035
alpha172t-9,0.0
alpha172t-8,0.0007602259
alpha172t-7,0.0
alpha172t-6,0.0
alpha172t-5,0.0
alpha172t-4,0.0
alpha172t-3,0.0
alpha172t-20,0.0
alpha172t-2,0.0
alpha172t-19,0.0
alpha172t-18,0.0
alpha172t-17,0.0
alpha172t-16,0.0
alpha172t-15,0.0
alpha172t-14,0.0
alpha172t-13,0.0
alpha172t-12,0.0
alpha172t-11,0.0
alpha172t-10,0.0
alpha172t-1,0.0
alpha172t,0.0
alpha171t-9,0.0
alpha171t-8,0.0
alpha171t-7,0.0
alpha171t-6,0.0
alpha171t-5,0.0010012025
alpha171t-4,0.0
alpha171t-3,0.0010036852
alpha171t-20,0.0
alpha171t-2,0.00029267304
alpha171t-19,0.0
alpha171t-18,0.0
alpha171t-17,0.0
alpha171t-16,0.0
alpha171t-15,0.0
alpha171t-14,0.0032814
alpha171t-13,0.0
alpha171t-12,0.0
alpha171t-11,0.0
alpha171t-10,0.0006027912
alpha171t-1,0.0
alpha171t,0.030883132
alpha170t-9,0.0
alpha170t-8,0.0
alpha170t-7,0.0
alpha170t-6,0.0
alpha170t-5,0.0
alpha170t-4,0.0
alpha170t-3,0.0
alpha170t-20,0.0
alpha170t-2,0.0
alpha170t-19,0.0
alpha170t-18,0.0
alpha170t-17,0.0
alpha170t-16,0.0
alpha170t-15,0.0
alpha170t-14,0.0
alpha170t-13,0.0
alpha170t-12,0.0
alpha170t-11,0.0
alpha170t-10,0.0
alpha170t-1,0.0
alpha170t,0.041177496
alpha169t-9,0.0
alpha169t-8,0.0
alpha169t-7,0.0
alpha169t-6,0.0
alpha169t-5,0.0
alpha169t-4,0.0
alpha169t-3,0.0
alpha169t-20,0.0
alpha169t-2,0.0
alpha169t-19,0.0
alpha169t-18,0.0
alpha169t-17,0.0012591257
alpha169t-16,0.0
alpha169t-15,0.0
alpha169t-14,0.0
alpha169t-13,0.0
alpha169t-12,0.0
alpha169t-11,0.0
alpha169t-10,0.0
alpha169t-1,0.0
alpha169t,0.0
alpha168t-9,0.0
alpha168t-8,0.0
alpha168t-7,0.0
alpha168t-6,0.0
alpha168t-5,0.0
alpha168t-4,0.0
alpha168t-3,0.0
alpha168t-20,0.0
alpha168t-2,0.0
alpha168t-19,0.0
alpha168t-18,0.0
alpha168t-17,0.0
alpha168t-16,0.0
alpha168t-15,0.0
alpha168t-14,0.0
alpha168t-13,0.0
alpha168t-12,0.0
alpha168t-11,0.0
alpha168t-10,0.0035060565
alpha168t-1,0.0
alpha168t,0.0039028968
alpha167t-9,0.0
alpha167t-8,0.0016774711
alpha167t-7,0.004649583
alpha167t-6,0.0
alpha167t-5,0.0
alpha167t-4,0.0
alpha167t-3,0.0
alpha167t-20,0.0
alpha167t-2,0.0
alpha167t-19,0.0
alpha167t-18,0.0
alpha167t-17,0.0022473913
alpha167t-16,0.0
alpha167t-15,0.0
alpha167t-14,0.0
alpha167t-13,0.0
alpha167t-12,0.0
alpha167t-11,0.0
alpha167t-10,0.0
alpha167t-1,0.0
alpha167t,0.0
alpha164t-9,0.0
alpha164t-8,0.0
alpha164t-7,0.0007305601
alpha164t-6,0.0
alpha164t-5,0.0
alpha164t-4,0.0025921073
alpha164t-3,0.0
alpha164t-20,0.0
alpha164t-2,0.0006381025
alpha164t-19,0.0
alpha164t-18,0.0
alpha164t-17,0.0
alpha164t-16,0.0
alpha164t-15,0.0
alpha164t-14,0.0
alpha164t-13,0.0
alpha164t-12,0.0
alpha164t-11,0.0
alpha164t-10,0.0
alpha164t-1,0.0
alpha164t,0.0012357743
alpha162t-9,0.0
alpha162t-8,0.0
alpha162t-7,0.0
alpha162t-6,0.0
alpha162t-5,0.0
alpha162t-4,0.0
alpha162t-3,0.0
alpha162t-20,0.0
alpha162t-2,0.0
alpha162t-19,0.0
alpha162t-18,0.0
alpha162t-17,0.0
alpha162t-16,0.0
alpha162t-15,0.0
alpha162t-14,0.0
alpha162t-13,0.0
alpha162t-12,0.0
alpha162t-11,0.0
alpha162t-10,0.0
alpha162t-1,0.0
alpha162t,0.0
alpha161t-9,0.0
alpha161t-8,0.0
alpha161t-7,0.0
alpha161t-6,0.0
alpha161t-5,0.0
alpha161t-4,0.0
alpha161t-3,0.0
alpha161t-20,0.0
alpha161t-2,0.0
alpha161t-19,0.0
alpha161t-18,0.0
alpha161t-17,0.0
alpha161t-16,0.0
alpha161t-15,0.0
alpha161t-14,0.0
alpha161t-13,0.0
alpha161t-12,0.0
alpha161t-11,0.0
alpha161t-10,0.0
alpha161t-1,0.0
alpha161t,0.0
alpha160t-9,0.0
alpha160t-8,0.0
alpha160t-7,0.0
alpha160t-6,0.0
alpha160t-5,0.0
alpha160t-4,0.0
alpha160t-3,0.0
alpha160t-20,0.0
alpha160t-2,0.0
alpha160t-19,0.0
alpha160t-18,0.0013271722
alpha160t-17,0.0
alpha160t-16,0.0
alpha160t-15,0.0
alpha160t-14,0.0
alpha160t-13,0.0
alpha160t-12,0.0
alpha160t-11,0.0
alpha160t-10,0.0
alpha160t-1,0.0
alpha160t,0.0
alpha15t-9,0.0
alpha15t-8,0.00046307294
alpha15t-7,0.0
alpha15t-6,0.0
alpha15t-5,0.0
alpha15t-4,0.0
alpha15t-3,0.022728177
alpha15t-20,0.0
alpha15t-2,0.0
alpha15t-19,0.0
alpha15t-18,0.001559682
alpha15t-17,0.0
alpha15t-16,0.000863197
alpha15t-15,0.00113568
alpha15t-14,0.0019610343
alpha15t-13,0.002214272
alpha15t-12,0.0
alpha15t-11,0.0017124992
alpha15t-10,0.0
alpha15t-1,0.0
alpha15t,0.0042999955
alpha159t-9,0.0
alpha159t-8,0.0
alpha159t-7,0.0
alpha159t-6,0.0
alpha159t-5,0.0
alpha159t-4,0.0
alpha159t-3,0.0
alpha159t-20,0.0
alpha159t-2,0.0
alpha159t-19,0.0
alpha159t-18,0.0
alpha159t-17,0.0
alpha159t-16,0.0
alpha159t-15,0.0
alpha159t-14,0.0
alpha159t-13,0.0
alpha159t-12,0.0
alpha159t-11,0.0
alpha159t-10,0.0
alpha159t-1,0.0
alpha159t,0.00918822
alpha158t-9,0.0
alpha158t-8,0.0
alpha158t-7,0.001050169
alpha158t-6,0.0
alpha158t-5,0.0
alpha158t-4,0.0
alpha158t-3,0.0
alpha158t-20,0.0074143214
alpha158t-2,0.0
alpha158t-19,0.0020430563
alpha158t-18,0.0
alpha158t-17,0.0
alpha158t-16,0.0
alpha158t-15,0.0
alpha158t-14,0.0
alpha158t-13,0.0
alpha158t-12,0.0
alpha158t-11,0.0
alpha158t-10,0.0
alpha158t-1,0.0
alpha158t,0.013749023
alpha155t-9,0.0
alpha155t-8,0.0
alpha155t-7,0.0
alpha155t-6,0.0
alpha155t-5,0.0
alpha155t-4,0.0
alpha155t-3,0.0
alpha155t-20,0.0
alpha155t-2,0.0
alpha155t-19,0.0
alpha155t-18,0.0
alpha155t-17,0.0
alpha155t-16,0.0
alpha155t-15,0.0
alpha155t-14,0.0
alpha155t-13,0.0
alpha155t-12,0.0
alpha155t-11,0.0
alpha155t-10,0.0
alpha155t-1,0.0
alpha155t,0.0
alpha153t-9,0.0
alpha153t-8,0.0
alpha153t-7,0.0
alpha153t-6,0.0
alpha153t-5,0.0
alpha153t-4,0.0
alpha153t-3,0.0
alpha153t-20,0.0
alpha153t-2,0.0
alpha153t-19,0.0
alpha153t-18,0.0
alpha153t-17,0.0
alpha153t-16,0.0
alpha153t-15,0.0
alpha153t-14,0.0
alpha153t-13,0.0
alpha153t-12,0.0
alpha153t-11,0.0
alpha153t-10,0.0
alpha153t-1,0.0
alpha153t,0.0
alpha152t-9,0.0
alpha152t-8,0.001727304
alpha152t-7,0.0
alpha152t-6,0.0
alpha152t-5,0.0
alpha152t-4,0.0
alpha152t-3,0.0
alpha152t-20,0.0
alpha152t-2,0.0
alpha152t-19,0.0
alpha152t-18,0.0
alpha152t-17,0.0
alpha152t-16,0.0
alpha152t-15,0.0
alpha152t-14,0.0
alpha152t-13,0.0
alpha152t-12,0.0
alpha152t-11,0.0
alpha152t-10,0.0
alpha152t-1,0.0
alpha152t,0.0
alpha150t-9,0.0
alpha150t-8,0.0
alpha150t-7,0.0
alpha150t-6,0.0
alpha150t-5,0.0
alpha150t-4,0.0
alpha150t-3,0.0
alpha150t-20,0.0114462795
alpha150t-2,0.0063788006
alpha150t-19,0.0
alpha150t-18,0.0
alpha150t-17,0.0
alpha150t-16,0.0026499834
alpha150t-15,0.0
alpha150t-14,0.0
alpha150t-13,0.0
alpha150t-12,0.0
alpha150t-11,0.0
alpha150t-10,0.0
alpha150t-1,0.0
alpha150t,0.0
alpha14t-9,0.0
alpha14t-8,0.0
alpha14t-7,0.0
alpha14t-6,0.0
alpha14t-5,0.0
alpha14t-4,0.0
alpha14t-3,0.0
alpha14t-20,0.001188982
alpha14t-2,0.0
alpha14t-19,0.0
alpha14t-18,0.0012958936
alpha14t-17,0.0
alpha14t-16,0.0
alpha14t-15,0.0
alpha14t-14,0.0
alpha14t-13,0.0
alpha14t-12,0.0
alpha14t-11,0.0
alpha14t-10,0.004272479
alpha14t-1,0.0
alpha14t,0.0
alpha145t-9,0.0
alpha145t-8,0.0
alpha145t-7,0.0
alpha145t-6,0.0
alpha145t-5,0.0
alpha145t-4,0.0
alpha145t-3,0.0
alpha145t-20,0.0
alpha145t-2,0.0
alpha145t-19,0.00065335404
alpha145t-18,0.0
alpha145t-17,0.0
alpha145t-16,0.0
alpha145t-15,0.0
alpha145t-14,0.0
alpha145t-13,0.0
alpha145t-12,0.0
alpha145t-11,0.0
alpha145t-10,0.0
alpha145t-1,0.0
alpha145t,0.0
alpha144t-9,0.0
alpha144t-8,0.0
alpha144t-7,0.0
alpha144t-6,0.0
alpha144t-5,0.0
alpha144t-4,0.0
alpha144t-3,0.0
alpha144t-20,0.0
alpha144t-2,0.0
alpha144t-19,0.0
alpha144t-18,0.0
alpha144t-17,0.0
alpha144t-16,0.0
alpha144t-15,0.0
alpha144t-14,0.0
alpha144t-13,0.0
alpha144t-12,0.0
alpha144t-11,0.0
alpha144t-10,0.0
alpha144t-1,0.0
alpha144t,0.0
alpha13t-9,0.0
alpha13t-8,0.0
alpha13t-7,0.00016126671
alpha13t-6,0.0
alpha13t-5,0.0
alpha13t-4,0.0
alpha13t-3,0.0
alpha13t-20,0.0004931078
alpha13t-2,0.0
alpha13t-19,0.0
alpha13t-18,0.0
alpha13t-17,0.0
alpha13t-16,0.0010132273
alpha13t-15,0.0
alpha13t-14,0.0
alpha13t-13,0.0
alpha13t-12,0.0
alpha13t-11,0.0
alpha13t-10,0.0
alpha13t-1,0.0
alpha13t,0.020200634
alpha139t-9,0.0
alpha139t-8,0.0
alpha139t-7,0.0
alpha139t-6,0.0
alpha139t-5,0.0
alpha139t-4,0.0
alpha139t-3,0.0
alpha139t-20,0.0
alpha139t-2,0.0
alpha139t-19,0.0
alpha139t-18,0.0
alpha139t-17,0.0
alpha139t-16,0.0
alpha139t-15,0.0
alpha139t-14,0.0
alpha139t-13,0.0
alpha139t-12,0.0
alpha139t-11,0.0
alpha139t-10,0.0
alpha139t-1,0.0
alpha139t,0.0
alpha136t-9,0.0
alpha136t-8,0.0
alpha136t-7,0.0
alpha136t-6,0.0
alpha136t-5,0.0
alpha136t-4,0.0
alpha136t-3,0.0
alpha136t-20,0.0
alpha136t-2,0.0
alpha136t-19,0.0
alpha136t-18,0.0
alpha136t-17,0.0
alpha136t-16,0.0
alpha136t-15,0.0
alpha136t-14,0.0
alpha136t-13,0.0
alpha136t-12,0.0
alpha136t-11,0.0
alpha136t-10,0.0
alpha136t-1,0.0
alpha136t,0.0
alpha135t-9,0.0
alpha135t-8,0.0024367312
alpha135t-7,0.0
alpha135t-6,0.0
alpha135t-5,0.0
alpha135t-4,0.0
alpha135t-3,0.0
alpha135t-20,0.0
alpha135t-2,0.0
alpha135t-19,0.0
alpha135t-18,0.0
alpha135t-17,0.0
alpha135t-16,0.0
alpha135t-15,0.0
alpha135t-14,0.0
alpha135t-13,0.0
alpha135t-12,0.0
alpha135t-11,0.0
alpha135t-10,0.0
alpha135t-1,0.0
alpha135t,0.0
alpha134t-9,0.0
alpha134t-8,0.0
alpha134t-7,0.0
alpha134t-6,0.0
alpha134t-5,0.0
alpha134t-4,0.0
alpha134t-3,0.0
alpha134t-20,0.0021779945
alpha134t-2,0.0
alpha134t-19,0.0010037054
alpha134t-18,0.0
alpha134t-17,0.0
alpha134t-16,0.0
alpha134t-15,0.0
alpha134t-14,0.0
alpha134t-13,0.0
alpha134t-12,0.0
alpha134t-11,0.0
alpha134t-10,0.0
alpha134t-1,0.0
alpha134t,0.0
alpha129t-9,0.0
alpha129t-8,0.0
alpha129t-7,0.0008098592
alpha129t-6,0.0
alpha129t-5,0.0
alpha129t-4,0.014800608
alpha129t-3,0.0
alpha129t-20,0.0
alpha129t-2,0.0
alpha129t-19,0.0
alpha129t-18,0.0
alpha129t-17,0.0
alpha129t-16,0.0
alpha129t-15,0.0
alpha129t-14,0.0
alpha129t-13,0.0
alpha129t-12,0.0
alpha129t-11,0.0
alpha129t-10,0.0
alpha129t-1,0.0
alpha129t,0.019047312
alpha126t-9,0.0
alpha126t-8,0.0
alpha126t-7,0.0012141875
alpha126t-6,0.0
alpha126t-5,0.0
alpha126t-4,0.0
alpha126t-3,0.0
alpha126t-20,0.0
alpha126t-2,0.0
alpha126t-19,0.0
alpha126t-18,0.0
alpha126t-17,0.0016440204
alpha126t-16,0.0
alpha126t-15,0.0
alpha126t-14,0.0
alpha126t-13,0.0066928593
alpha126t-12,0.0009829231
alpha126t-11,0.0
alpha126t-10,0.0
alpha126t-1,0.0
alpha126t,0.0
alpha124t-9,0.0
alpha124t-8,0.0
alpha124t-7,0.0
alpha124t-6,0.0
alpha124t-5,0.0
alpha124t-4,0.0
alpha124t-3,0.0
alpha124t-20,0.0
alpha124t-2,0.0
alpha124t-19,0.0
alpha124t-18,0.0
alpha124t-17,0.0
alpha124t-16,0.0
alpha124t-15,0.0
alpha124t-14,0.0
alpha124t-13,0.0
alpha124t-12,0.0
alpha124t-11,0.0
alpha124t-10,0.0
alpha124t-1,0.0
alpha124t,0.0
alpha122t-9,0.0
alpha122t-8,0.0
alpha122t-7,0.0
alpha122t-6,0.0
alpha122t-5,0.0
alpha122t-4,0.0
alpha122t-3,0.0
alpha122t-20,0.0
alpha122t-2,0.0
alpha122t-19,0.0
alpha122t-18,0.0
alpha122t-17,0.0
alpha122t-16,0.0
alpha122t-15,0.0
alpha122t-14,0.0
alpha122t-13,0.0
alpha122t-12,0.0
alpha122t-11,0.0
alpha122t-10,0.0
alpha122t-1,0.0
alpha122t,0.0
alpha11t-9,0.0
alpha11t-8,0.0
alpha11t-7,0.0
alpha11t-6,0.0
alpha11t-5,0.00070300035
alpha11t-4,0.0
alpha11t-3,0.0
alpha11t-20,0.0
alpha11t-2,0.0
alpha11t-19,0.0
alpha11t-18,0.0
alpha11t-17,0.0
alpha11t-16,0.0007644047
alpha11t-15,0.0
alpha11t-14,0.0
alpha11t-13,0.0
alpha11t-12,0.00047900167
alpha11t-11,0.0
alpha11t-10,0.0
alpha11t-1,0.0
alpha11t,0.001900031
alpha118t-9,0.0
alpha118t-8,0.0
alpha118t-7,0.0
alpha118t-6,0.0
alpha118t-5,0.0
alpha118t-4,0.0
alpha118t-3,0.0
alpha118t-20,0.0
alpha118t-2,0.0
alpha118t-19,0.0
alpha118t-18,0.0
alpha118t-17,0.0
alpha118t-16,0.0
alpha118t-15,0.0
alpha118t-14,0.0
alpha118t-13,0.0
alpha118t-12,0.0
alpha118t-11,0.0
alpha118t-10,0.0
alpha118t-1,0.0
alpha118t,0.0
alpha117t-9,0.0
alpha117t-8,0.0
alpha117t-7,0.0
alpha117t-6,0.0
alpha117t-5,0.0
alpha117t-4,0.0033622766
alpha117t-3,0.0
alpha117t-20,0.0
alpha117t-2,0.0
alpha117t-19,0.0
alpha117t-18,0.0012412774
alpha117t-17,0.001459294
alpha117t-16,0.0
alpha117t-15,0.0
alpha117t-14,0.0
alpha117t-13,0.0
alpha117t-12,0.0
alpha117t-11,0.0
alpha117t-10,0.0
alpha117t-1,0.0
alpha117t,0.03956881
alpha116t-9,0.0
alpha116t-8,0.0
alpha116t-7,0.0
alpha116t-6,0.0
alpha116t-5,0.0
alpha116t-4,0.0
alpha116t-3,0.0
alpha116t-20,0.0
alpha116t-2,0.0
alpha116t-19,0.0
alpha116t-18,0.0
alpha116t-17,0.0
alpha116t-16,0.0
alpha116t-15,0.0
alpha116t-14,0.0
alpha116t-13,0.0
alpha116t-12,0.0
alpha116t-11,0.0
alpha116t-10,0.0
alpha116t-1,0.0
alpha116t,0.0
alpha114t-9,0.0
alpha114t-8,0.0
alpha114t-7,0.0
alpha114t-6,0.0
alpha114t-5,0.0
alpha114t-4,0.0
alpha114t-3,0.0
alpha114t-20,0.0
alpha114t-2,0.0
alpha114t-19,0.0
alpha114t-18,0.0
alpha114t-17,0.0
alpha114t-16,0.0
alpha114t-15,0.0
alpha114t-14,0.0
alpha114t-13,0.0
alpha114t-12,0.0
alpha114t-11,0.0
alpha114t-10,0.0
alpha114t-1,0.0
alpha114t,0.0
alpha113t-9,0.0
alpha113t-8,0.0
alpha113t-7,0.0
alpha113t-6,0.0
alpha113t-5,0.0
alpha113t-4,0.0
alpha113t-3,0.0
alpha113t-20,0.0
alpha113t-2,0.0
alpha113t-19,0.0
alpha113t-18,0.0
alpha113t-17,0.0
alpha113t-16,0.0
alpha113t-15,0.0
alpha113t-14,0.0
alpha113t-13,0.0
alpha113t-12,0.0
alpha113t-11,0.0
alpha113t-10,0.0
alpha113t-1,0.0
alpha113t,0.0
alpha112t-9,0.0
alpha112t-8,0.0
alpha112t-7,0.0
alpha112t-6,0.0
alpha112t-5,0.0
alpha112t-4,0.0
alpha112t-3,0.0
alpha112t-20,0.0
alpha112t-2,0.0
alpha112t-19,0.0
alpha112t-18,0.0
alpha112t-17,0.0
alpha112t-16,0.0
alpha112t-15,0.0
alpha112t-14,0.0
alpha112t-13,0.0
alpha112t-12,0.0
alpha112t-11,0.0
alpha112t-10,0.0
alpha112t-1,0.0
alpha112t,0.0021952267
alpha111t-9,0.0
alpha111t-8,0.0
alpha111t-7,0.0
alpha111t-6,0.0
alpha111t-5,0.0
alpha111t-4,0.0
alpha111t-3,0.0
alpha111t-20,0.0
alpha111t-2,0.0
alpha111t-19,0.0
alpha111t-18,0.0020157485
alpha111t-17,0.0
alpha111t-16,0.0
alpha111t-15,0.0
alpha111t-14,0.0
alpha111t-13,0.002007826
alpha111t-12,0.0
alpha111t-11,0.0
alpha111t-10,0.0
alpha111t-1,0.0
alpha111t,0.0
alpha109t-9,0.0
alpha109t-8,0.0
alpha109t-7,0.0
alpha109t-6,0.0
alpha109t-5,0.0
alpha109t-4,0.0
alpha109t-3,0.0
alpha109t-20,0.0
alpha109t-2,0.005150903
alpha109t-19,0.0
alpha109t-18,0.0
alpha109t-17,0.0
alpha109t-16,0.0
alpha109t-15,0.0
alpha109t-14,0.0
alpha109t-13,0.0
alpha109t-12,0.0
alpha109t-11,0.0
alpha109t-10,0.0
alpha109t-1,0.0
alpha109t,0.0
alpha106t-9,0.0
alpha106t-8,0.0
alpha106t-7,0.0
alpha106t-6,0.0
alpha106t-5,0.0
alpha106t-4,0.0
alpha106t-3,0.0
alpha106t-20,0.0
alpha106t-2,0.0
alpha106t-19,0.0
alpha106t-18,0.0
alpha106t-17,0.0
alpha106t-16,0.0
alpha106t-15,0.0
alpha106t-14,0.0
alpha106t-13,0.0
alpha106t-12,0.0
alpha106t-11,0.0
alpha106t-10,0.0
alpha106t-1,0.0
alpha106t,0.0
alpha104t-9,0.0
alpha104t-8,0.0
alpha104t-7,0.0
alpha104t-6,0.0
alpha104t-5,0.0
alpha104t-4,0.00039600083
alpha104t-3,0.0
alpha104t-20,0.0
alpha104t-2,0.0
alpha104t-19,0.0
alpha104t-18,0.0
alpha104t-17,0.0
alpha104t-16,0.0
alpha104t-15,0.001948958
alpha104t-14,0.0
alpha104t-13,0.0
alpha104t-12,0.0
alpha104t-11,0.0
alpha104t-10,0.0
alpha104t-1,0.0
alpha104t,0.0
alpha102t-9,0.0
alpha102t-8,0.0006280886
alpha102t-7,0.0
alpha102t-6,0.0
alpha102t-5,0.0
alpha102t-4,0.0011620104
alpha102t-3,0.0
alpha102t-20,0.0007567689
alpha102t-2,0.0
alpha102t-19,0.0
alpha102t-18,0.0
alpha102t-17,0.0
alpha102t-16,0.0
alpha102t-15,0.0
alpha102t-14,0.0
alpha102t-13,0.0009108384
alpha102t-12,0.0
alpha102t-11,0.0
alpha102t-10,0.0
alpha102t-1,0.0
alpha102t,0.0074279997
alpha100t-9,0.0
alpha100t-8,0.0
alpha100t-7,0.0
alpha100t-6,0.0
alpha100t-5,0.0
alpha100t-4,0.0
alpha100t-3,0.0
alpha100t-20,0.0
alpha100t-2,0.0
alpha100t-19,0.0
alpha100t-18,0.0
alpha100t-17,0.0
alpha100t-16,0.0
alpha100t-15,0.0
alpha100t-14,0.0
alpha100t-13,0.0
alpha100t-12,0.004986048
alpha100t-11,0.0
alpha100t-10,0.0
alpha100t-1,0.0
alpha100t,0.0
